OpenAI,https://openai.com/,Cutting-Edge AI Research and Innovative Applications CHATGPT 5 / DALL-E / Sora 
Google Gemini,https://gemini.google.com/,Google AI assistant
Claude AI,https://claude.ai/, All in one AI assistant app designed to help you write research code and solve complex tasks instantly
Mistral AI,https://chat.mistral.ai/, Multilingual multimodal AI assistant that can help with anything. Search create code learn automate
Perplexity AI,https://perplexity.ai/, Emerging AI company specializing in intelligent information retrieval and question answering systems
DeepMind,https://deepmind.com/,Pioneering AI research lab known for advancements in deep learning and AI for games
GROK,https://x.ai/,AI model from twitter/ GROK 4Image generation with Aurora
Meta AI,https://www.meta.ai/,Create AI-generated images for free, and get answers to any of your questions
DeepL GmbH,https://deepl.com/,Translator, a neural network-based machine translation system, supports text and document translation in multiple languages
Character AI,https://character.ai/,Focuses on creating intelligent virtual characters and chatbots
Notion AI,https://notion.so/,Intelligent document processing and project management features
